slug,title
bexback,Bexback - Crypto Cashback & Rebates
bexback-crypto,Bexback Crypto - Crypto Cashback & Rebates
bexback-review,Bexback Review - Crypto Cashback & Rebates
bexback-bonus,Bexback Bonus - Crypto Cashback & Rebates
bexback-welcome-bonus,Bexback Welcome Bonus - Crypto Cashback & Rebates
bexback-sign-up-bonus,Bexback Sign Up Bonus - Crypto Cashback & Rebates
bexback-referral-code,Bexback Referral Code - Crypto Cashback & Rebates
payback-app-download,Payback App Download - Crypto Cashback & Rebates
bexback-login,Bexback Login - Crypto Cashback & Rebates
bexback-crypto-review,Bexback Crypto Review - Crypto Cashback & Rebates
crypto-cashback-credit-card,Crypto Cashback Credit Card - Crypto Cashback & Rebates
crypto-cashback-cards,Crypto Cashback Cards - Crypto Cashback & Rebates
crypto-cashback,Crypto Cashback - Crypto Cashback & Rebates
crypto-cashback-card-uk,Crypto Cashback Card Uk - Crypto Cashback & Rebates
crypto-cashback-app,Crypto Cashback App - Crypto Cashback & Rebates
crypto-cashback-credit-card-uk,Crypto Cashback Credit Card Uk - Crypto Cashback & Rebates
crypto-cashback-card-australia,Crypto Cashback Card Australia - Crypto Cashback & Rebates
crypto-cashback-card-europe,Crypto Cashback Card Europe - Crypto Cashback & Rebates
crypto-cashback-rewards,Crypto Cashback Rewards - Crypto Cashback & Rebates
crypto-cashback-debit-card,Crypto Cashback Debit Card - Crypto Cashback & Rebates
bitcoin-cashback-card,Bitcoin Cashback Card - Crypto Cashback & Rebates
bitcoin-cashback-uk,Bitcoin Cashback Uk - Crypto Cashback & Rebates
bitcoin-cashback-app,Bitcoin Cashback App - Crypto Cashback & Rebates
bitcoin-cashback-rewards,Bitcoin Cashback Rewards - Crypto Cashback & Rebates
bitcoin-cashback-card-canada,Bitcoin Cashback Card Canada - Crypto Cashback & Rebates
bitcoin-cashback-debit-card,Bitcoin Cashback Debit Card - Crypto Cashback & Rebates
bitcoin-cashback-australia,Bitcoin Cashback Australia - Crypto Cashback & Rebates
bitcoin-cashback-europe,Bitcoin Cashback Europe - Crypto Cashback & Rebates
bitcoin-cashback-credit-card-canada,Bitcoin Cashback Credit Card Canada - Crypto Cashback & R...
bitcoin-cashback-credit-card-uk,Bitcoin Cashback Credit Card Uk - Crypto Cashback & Rebates
crypto-rebates,Crypto Rebates - Crypto Cashback & Rebates
cryptocurrency-what-to-buy-now,Cryptocurrency What To Buy Now - Crypto Cashback & Rebates
crypto-coins-to-buy-now,Crypto Coins To Buy Now - Crypto Cashback & Rebates
what-is-the-crypto-to-buy-now,What Is The Crypto To Buy Now - Crypto Cashback & Rebates
bexback,Bexback - Crypto Cashback & Rebates
bexback-crypto,Bexback Crypto - Crypto Cashback & Rebates
bexback-review,Bexback Review - Crypto Cashback & Rebates
bexback-exchange,Bexback Exchange - Crypto Cashback & Rebates
bexback-bonus,Bexback Bonus - Crypto Cashback & Rebates
bexback-legit,Bexback Legit - Crypto Cashback & Rebates
bexback-welcome-bonus,Bexback Welcome Bonus - Crypto Cashback & Rebates
bexback-app,Bexback App - Crypto Cashback & Rebates
bexback-exchange-download,Bexback Exchange Download - Crypto Cashback & Rebates
bexback-sign-up-bonus,Bexback Sign Up Bonus - Crypto Cashback & Rebates
crypto-cashback-credit-card,Crypto Cashback Credit Card - Crypto Cashback & Rebates
crypto-cashback,Crypto Cashback - Crypto Cashback & Rebates
crypto-cashback-card-uk,Crypto Cashback Card Uk - Crypto Cashback & Rebates
crypto-cashback-app,Crypto Cashback App - Crypto Cashback & Rebates
crypto-cashback-credit-card-uk,Crypto Cashback Credit Card Uk - Crypto Cashback & Rebates
crypto-cashback-card-australia,Crypto Cashback Card Australia - Crypto Cashback & Rebates
crypto-cashback-card-europe,Crypto Cashback Card Europe - Crypto Cashback & Rebates
crypto-cashback-debit-card,Crypto Cashback Debit Card - Crypto Cashback & Rebates
crypto-cashback-reddit,Crypto Cashback Reddit - Crypto Cashback & Rebates
crypto-cashback-uk,Crypto Cashback Uk - Crypto Cashback & Rebates
bitcoin-cashback-card,Bitcoin Cashback Card - Crypto Cashback & Rebates
bitcoin-cashback-uk,Bitcoin Cashback Uk - Crypto Cashback & Rebates
bitcoin-cashback-app,Bitcoin Cashback App - Crypto Cashback & Rebates
bitcoin-cashback-rewards,Bitcoin Cashback Rewards - Crypto Cashback & Rebates
bitcoin-cashback-card-canada,Bitcoin Cashback Card Canada - Crypto Cashback & Rebates
bitcoin-cashback-debit-card,Bitcoin Cashback Debit Card - Crypto Cashback & Rebates
bitcoin-cashback-australia,Bitcoin Cashback Australia - Crypto Cashback & Rebates
bitcoin-cashback-europe,Bitcoin Cashback Europe - Crypto Cashback & Rebates
bitcoin-cashback-credit-card-canada,Bitcoin Cashback Credit Card Canada - Crypto Cashback & R...
bitcoin-cashback-credit-card-uk,Bitcoin Cashback Credit Card Uk - Crypto Cashback & Rebates
crypto-rebates,Crypto Rebates - Crypto Cashback & Rebates
cryptocurrency-what-to-buy-now,Cryptocurrency What To Buy Now - Crypto Cashback & Rebates
crypto-coins-to-buy-now,Crypto Coins To Buy Now - Crypto Cashback & Rebates
what-is-the-crypto-to-buy-now,What Is The Crypto To Buy Now - Crypto Cashback & Rebates
bexback,Bexback - Crypto Cashback & Rebates
bexback-crypto,Bexback Crypto - Crypto Cashback & Rebates
bexback-review,Bexback Review - Crypto Cashback & Rebates
bexback-exchange,Bexback Exchange - Crypto Cashback & Rebates
bexback-bonus,Bexback Bonus - Crypto Cashback & Rebates
bexback-legit,Bexback Legit - Crypto Cashback & Rebates
bexback-welcome-bonus,Bexback Welcome Bonus - Crypto Cashback & Rebates
bexback-app,Bexback App - Crypto Cashback & Rebates
bexback-exchange-download,Bexback Exchange Download - Crypto Cashback & Rebates
bexback-sign-up-bonus,Bexback Sign Up Bonus - Crypto Cashback & Rebates
crypto-cashback-credit-card,Crypto Cashback Credit Card - Crypto Cashback & Rebates
crypto-cashback,Crypto Cashback - Crypto Cashback & Rebates
crypto-cashback-card-uk,Crypto Cashback Card Uk - Crypto Cashback & Rebates
crypto-cashback-app,Crypto Cashback App - Crypto Cashback & Rebates
crypto-cashback-credit-card-uk,Crypto Cashback Credit Card Uk - Crypto Cashback & Rebates
crypto-cashback-card-australia,Crypto Cashback Card Australia - Crypto Cashback & Rebates
crypto-cashback-card-europe,Crypto Cashback Card Europe - Crypto Cashback & Rebates
crypto-cashback-debit-card,Crypto Cashback Debit Card - Crypto Cashback & Rebates
crypto-cashback-reddit,Crypto Cashback Reddit - Crypto Cashback & Rebates
crypto-cashback-uk,Crypto Cashback Uk - Crypto Cashback & Rebates
bitcoin-cashback-card,Bitcoin Cashback Card - Crypto Cashback & Rebates
bitcoin-cashback-credit-card,Bitcoin Cashback Credit Card - Crypto Cashback & Rebates
bitcoin-cashback-uk,Bitcoin Cashback Uk - Crypto Cashback & Rebates
bitcoin-cashback-card-uk,Bitcoin Cashback Card Uk - Crypto Cashback & Rebates
bitcoin-cashback-app,Bitcoin Cashback App - Crypto Cashback & Rebates
bitcoin-cashback-rewards,Bitcoin Cashback Rewards - Crypto Cashback & Rebates
bitcoin-cashback-card-canada,Bitcoin Cashback Card Canada - Crypto Cashback & Rebates
bitcoin-cashback-debit-card,Bitcoin Cashback Debit Card - Crypto Cashback & Rebates
bitcoin-cashback-australia,Bitcoin Cashback Australia - Crypto Cashback & Rebates
bitcoin-cashback-europe,Bitcoin Cashback Europe - Crypto Cashback & Rebates
crypto-rebates,Crypto Rebates - Crypto Cashback & Rebates
cryptocurrency-what-to-buy-now,Cryptocurrency What To Buy Now - Crypto Cashback & Rebates
crypto-coins-to-buy-now,Crypto Coins To Buy Now - Crypto Cashback & Rebates
what-is-the-crypto-to-buy-now,What Is The Crypto To Buy Now - Crypto Cashback & Rebates
bexback,Bexback - Crypto Cashback & Rebates
bexback-crypto,Bexback Crypto - Crypto Cashback & Rebates
bexback-review,Bexback Review - Crypto Cashback & Rebates
bexback-bonus,Bexback Bonus - Crypto Cashback & Rebates
bexback-welcome-bonus,Bexback Welcome Bonus - Crypto Cashback & Rebates
bexback-sign-up-bonus,Bexback Sign Up Bonus - Crypto Cashback & Rebates
bexback-referral-code,Bexback Referral Code - Crypto Cashback & Rebates
payback-app-download,Payback App Download - Crypto Cashback & Rebates
bexback-login,Bexback Login - Crypto Cashback & Rebates
bexback-crypto-review,Bexback Crypto Review - Crypto Cashback & Rebates
crypto-cashback-credit-card,Crypto Cashback Credit Card - Crypto Cashback & Rebates
crypto-cashback-cards,Crypto Cashback Cards - Crypto Cashback & Rebates
crypto-cashback,Crypto Cashback - Crypto Cashback & Rebates
crypto-cashback-card-uk,Crypto Cashback Card Uk - Crypto Cashback & Rebates
crypto-cashback-app,Crypto Cashback App - Crypto Cashback & Rebates
crypto-cashback-credit-card-uk,Crypto Cashback Credit Card Uk - Crypto Cashback & Rebates
crypto-cashback-card-australia,Crypto Cashback Card Australia - Crypto Cashback & Rebates
crypto-cashback-card-europe,Crypto Cashback Card Europe - Crypto Cashback & Rebates
crypto-cashback-rewards,Crypto Cashback Rewards - Crypto Cashback & Rebates
crypto-cashback-debit-card,Crypto Cashback Debit Card - Crypto Cashback & Rebates
bitcoin-cashback-card,Bitcoin Cashback Card - Crypto Cashback & Rebates
bitcoin-cashback-uk,Bitcoin Cashback Uk - Crypto Cashback & Rebates
bitcoin-cashback-app,Bitcoin Cashback App - Crypto Cashback & Rebates
bitcoin-cashback-rewards,Bitcoin Cashback Rewards - Crypto Cashback & Rebates
bitcoin-cashback-card-canada,Bitcoin Cashback Card Canada - Crypto Cashback & Rebates
bitcoin-cashback-debit-card,Bitcoin Cashback Debit Card - Crypto Cashback & Rebates
bitcoin-cashback-australia,Bitcoin Cashback Australia - Crypto Cashback & Rebates
bitcoin-cashback-europe,Bitcoin Cashback Europe - Crypto Cashback & Rebates
bitcoin-cashback-credit-card-canada,Bitcoin Cashback Credit Card Canada - Crypto Cashback & R...
bitcoin-cashback-credit-card-uk,Bitcoin Cashback Credit Card Uk - Crypto Cashback & Rebates
crypto-rebates,Crypto Rebates - Crypto Cashback & Rebates
cryptocurrency-what-to-buy-now,Cryptocurrency What To Buy Now - Crypto Cashback & Rebates
crypto-coins-to-buy-now,Crypto Coins To Buy Now - Crypto Cashback & Rebates
what-is-the-crypto-to-buy-now,What Is The Crypto To Buy Now - Crypto Cashback & Rebates
bexback,Bexback - Crypto Cashback & Rebates
bexback-crypto,Bexback Crypto - Crypto Cashback & Rebates
bexback-review,Bexback Review - Crypto Cashback & Rebates
bexback-exchange,Bexback Exchange - Crypto Cashback & Rebates
bexback-bonus,Bexback Bonus - Crypto Cashback & Rebates
bexback-legit,Bexback Legit - Crypto Cashback & Rebates
bexback-welcome-bonus,Bexback Welcome Bonus - Crypto Cashback & Rebates
bexback-app,Bexback App - Crypto Cashback & Rebates
bexback-exchange-download,Bexback Exchange Download - Crypto Cashback & Rebates
bexback-sign-up-bonus,Bexback Sign Up Bonus - Crypto Cashback & Rebates
crypto-cashback-credit-card,Crypto Cashback Credit Card - Crypto Cashback & Rebates
crypto-cashback-cards,Crypto Cashback Cards - Crypto Cashback & Rebates
crypto-cashback,Crypto Cashback - Crypto Cashback & Rebates
crypto-cashback-card-uk,Crypto Cashback Card Uk - Crypto Cashback & Rebates
crypto-cashback-app,Crypto Cashback App - Crypto Cashback & Rebates
crypto-cashback-credit-card-uk,Crypto Cashback Credit Card Uk - Crypto Cashback & Rebates
crypto-cashback-card-australia,Crypto Cashback Card Australia - Crypto Cashback & Rebates
crypto-cashback-card-europe,Crypto Cashback Card Europe - Crypto Cashback & Rebates
crypto-cashback-rewards,Crypto Cashback Rewards - Crypto Cashback & Rebates
crypto-cashback-debit-card,Crypto Cashback Debit Card - Crypto Cashback & Rebates
bitcoin-cashback-card,Bitcoin Cashback Card - Crypto Cashback & Rebates
bitcoin-cashback-uk,Bitcoin Cashback Uk - Crypto Cashback & Rebates
bitcoin-cashback-app,Bitcoin Cashback App - Crypto Cashback & Rebates
bitcoin-cashback-rewards,Bitcoin Cashback Rewards - Crypto Cashback & Rebates
bitcoin-cashback-card-canada,Bitcoin Cashback Card Canada - Crypto Cashback & Rebates
bitcoin-cashback-debit-card,Bitcoin Cashback Debit Card - Crypto Cashback & Rebates
bitcoin-cashback-australia,Bitcoin Cashback Australia - Crypto Cashback & Rebates
bitcoin-cashback-europe,Bitcoin Cashback Europe - Crypto Cashback & Rebates
bitcoin-cashback-credit-card-canada,Bitcoin Cashback Credit Card Canada - Crypto Cashback & R...
bitcoin-cashback-credit-card-uk,Bitcoin Cashback Credit Card Uk - Crypto Cashback & Rebates
crypto-rebates,Crypto Rebates - Crypto Cashback & Rebates
cryptocurrency-what-to-buy-now,Cryptocurrency What To Buy Now - Crypto Cashback & Rebates
crypto-coins-to-buy-now,Crypto Coins To Buy Now - Crypto Cashback & Rebates
what-is-the-crypto-to-buy-now,What Is The Crypto To Buy Now - Crypto Cashback & Rebates
bitcoin-cashback,Bitcoin Cashback - Crypto Cashback & Rebates
cryptocurrency-rebates,Cryptocurrency Rebates - Crypto Cashback & Rebates
exchange-cashback-offers,Exchange Cashback Offers - Crypto Cashback & Rebates
bitcoin-cashback,Bitcoin Cashback - Crypto Cashback & Rebates
cryptocurrency-rebates,Cryptocurrency Rebates - Crypto Cashback & Rebates
exchange-cashback-offers,Exchange Cashback Offers - Crypto Cashback & Rebates
bitcoin-cashback,Bitcoin Cashback - Crypto Cashback & Rebates
cryptocurrency-rebates,Cryptocurrency Rebates - Crypto Cashback & Rebates
exchange-cashback-offers,Exchange Cashback Offers - Crypto Cashback & Rebates
bitcoin-cashback,Bitcoin Cashback - Crypto Cashback & Rebates
cryptocurrency-rebates,Cryptocurrency Rebates - Crypto Cashback & Rebates
exchange-cashback-offers,Exchange Cashback Offers - Crypto Cashback & Rebates
bitcoin-cashback,Bitcoin Cashback - Crypto Cashback & Rebates
cryptocurrency-rebates,Cryptocurrency Rebates - Crypto Cashback & Rebates
exchange-cashback-offers,Exchange Cashback Offers - Crypto Cashback & Rebates
bexback,Bexback - Crypto Cashback & Rebates
bexback-crypto,Bexback Crypto - Crypto Cashback & Rebates
bexback-review,Bexback Review - Crypto Cashback & Rebates
bexback-bonus,Bexback Bonus - Crypto Cashback & Rebates
bexback-welcome-bonus,Bexback Welcome Bonus - Crypto Cashback & Rebates
bexback-sign-up-bonus,Bexback Sign Up Bonus - Crypto Cashback & Rebates
bexback-referral-code,Bexback Referral Code - Crypto Cashback & Rebates
payback-app-download,Payback App Download - Crypto Cashback & Rebates
bexback-login,Bexback Login - Crypto Cashback & Rebates
bexback-crypto-review,Bexback Crypto Review - Crypto Cashback & Rebates
crypto-cashback-credit-card,Crypto Cashback Credit Card - Crypto Cashback & Rebates
crypto-cashback-cards,Crypto Cashback Cards - Crypto Cashback & Rebates
crypto-cashback,Crypto Cashback - Crypto Cashback & Rebates
crypto-cashback-card-uk,Crypto Cashback Card Uk - Crypto Cashback & Rebates
crypto-cashback-app,Crypto Cashback App - Crypto Cashback & Rebates
crypto-cashback-credit-card-uk,Crypto Cashback Credit Card Uk - Crypto Cashback & Rebates
crypto-cashback-card-australia,Crypto Cashback Card Australia - Crypto Cashback & Rebates
crypto-cashback-card-europe,Crypto Cashback Card Europe - Crypto Cashback & Rebates
crypto-cashback-rewards,Crypto Cashback Rewards - Crypto Cashback & Rebates
crypto-cashback-debit-card,Crypto Cashback Debit Card - Crypto Cashback & Rebates
bitcoin-cashback-card,Bitcoin Cashback Card - Crypto Cashback & Rebates
bitcoin-cashback-uk,Bitcoin Cashback Uk - Crypto Cashback & Rebates
bitcoin-cashback-app,Bitcoin Cashback App - Crypto Cashback & Rebates
bitcoin-cashback-rewards,Bitcoin Cashback Rewards - Crypto Cashback & Rebates
bitcoin-cashback-card-canada,Bitcoin Cashback Card Canada - Crypto Cashback & Rebates
bitcoin-cashback-debit-card,Bitcoin Cashback Debit Card - Crypto Cashback & Rebates
bitcoin-cashback-australia,Bitcoin Cashback Australia - Crypto Cashback & Rebates
bitcoin-cashback-europe,Bitcoin Cashback Europe - Crypto Cashback & Rebates
bitcoin-cashback-credit-card-canada,Bitcoin Cashback Credit Card Canada - Crypto Cashback & R...
bitcoin-cashback-credit-card-uk,Bitcoin Cashback Credit Card Uk - Crypto Cashback & Rebates
crypto-rebates,Crypto Rebates - Crypto Cashback & Rebates
cryptocurrency-what-to-buy-now,Cryptocurrency What To Buy Now - Crypto Cashback & Rebates
crypto-coins-to-buy-now,Crypto Coins To Buy Now - Crypto Cashback & Rebates
what-is-the-crypto-to-buy-now,What Is The Crypto To Buy Now - Crypto Cashback & Rebates
bexback,Bexback - Crypto Cashback & Rebates
bexback-crypto,Bexback Crypto - Crypto Cashback & Rebates
bexback-review,Bexback Review - Crypto Cashback & Rebates
bexback-exchange,Bexback Exchange - Crypto Cashback & Rebates
bexback-bonus,Bexback Bonus - Crypto Cashback & Rebates
bexback-legit,Bexback Legit - Crypto Cashback & Rebates
bexback-welcome-bonus,Bexback Welcome Bonus - Crypto Cashback & Rebates
bexback-app,Bexback App - Crypto Cashback & Rebates
bexback-exchange-download,Bexback Exchange Download - Crypto Cashback & Rebates
bexback-sign-up-bonus,Bexback Sign Up Bonus - Crypto Cashback & Rebates
crypto-cashback-credit-card,Crypto Cashback Credit Card - Crypto Cashback & Rebates
crypto-cashback,Crypto Cashback - Crypto Cashback & Rebates
crypto-cashback-card-uk,Crypto Cashback Card Uk - Crypto Cashback & Rebates
crypto-cashback-app,Crypto Cashback App - Crypto Cashback & Rebates
crypto-cashback-credit-card-uk,Crypto Cashback Credit Card Uk - Crypto Cashback & Rebates
crypto-cashback-card-australia,Crypto Cashback Card Australia - Crypto Cashback & Rebates
crypto-cashback-card-europe,Crypto Cashback Card Europe - Crypto Cashback & Rebates
crypto-cashback-debit-card,Crypto Cashback Debit Card - Crypto Cashback & Rebates
crypto-cashback-reddit,Crypto Cashback Reddit - Crypto Cashback & Rebates
crypto-cashback-uk,Crypto Cashback Uk - Crypto Cashback & Rebates
bitcoin-cashback-card,Bitcoin Cashback Card - Crypto Cashback & Rebates
bitcoin-cashback-uk,Bitcoin Cashback Uk - Crypto Cashback & Rebates
bitcoin-cashback-app,Bitcoin Cashback App - Crypto Cashback & Rebates
bitcoin-cashback-rewards,Bitcoin Cashback Rewards - Crypto Cashback & Rebates
bitcoin-cashback-card-canada,Bitcoin Cashback Card Canada - Crypto Cashback & Rebates
bitcoin-cashback-debit-card,Bitcoin Cashback Debit Card - Crypto Cashback & Rebates
bitcoin-cashback-australia,Bitcoin Cashback Australia - Crypto Cashback & Rebates
bitcoin-cashback-europe,Bitcoin Cashback Europe - Crypto Cashback & Rebates
bitcoin-cashback-credit-card-canada,Bitcoin Cashback Credit Card Canada - Crypto Cashback & R...
bitcoin-cashback-credit-card-uk,Bitcoin Cashback Credit Card Uk - Crypto Cashback & Rebates
crypto-rebates,Crypto Rebates - Crypto Cashback & Rebates
cryptocurrency-what-to-buy-now,Cryptocurrency What To Buy Now - Crypto Cashback & Rebates
crypto-coins-to-buy-now,Crypto Coins To Buy Now - Crypto Cashback & Rebates
what-is-the-crypto-to-buy-now,What Is The Crypto To Buy Now - Crypto Cashback & Rebates
bexback,Bexback - Crypto Cashback & Rebates
bexback-crypto,Bexback Crypto - Crypto Cashback & Rebates
bexback-review,Bexback Review - Crypto Cashback & Rebates
bexback-exchange,Bexback Exchange - Crypto Cashback & Rebates
bexback-bonus,Bexback Bonus - Crypto Cashback & Rebates
bexback-legit,Bexback Legit - Crypto Cashback & Rebates
bexback-welcome-bonus,Bexback Welcome Bonus - Crypto Cashback & Rebates
bexback-app,Bexback App - Crypto Cashback & Rebates
bexback-exchange-download,Bexback Exchange Download - Crypto Cashback & Rebates
bexback-sign-up-bonus,Bexback Sign Up Bonus - Crypto Cashback & Rebates
crypto-cashback-credit-card,Crypto Cashback Credit Card - Crypto Cashback & Rebates
crypto-cashback,Crypto Cashback - Crypto Cashback & Rebates
crypto-cashback-card-uk,Crypto Cashback Card Uk - Crypto Cashback & Rebates
crypto-cashback-app,Crypto Cashback App - Crypto Cashback & Rebates
crypto-cashback-credit-card-uk,Crypto Cashback Credit Card Uk - Crypto Cashback & Rebates
crypto-cashback-card-australia,Crypto Cashback Card Australia - Crypto Cashback & Rebates
crypto-cashback-card-europe,Crypto Cashback Card Europe - Crypto Cashback & Rebates
crypto-cashback-debit-card,Crypto Cashback Debit Card - Crypto Cashback & Rebates
crypto-cashback-reddit,Crypto Cashback Reddit - Crypto Cashback & Rebates
crypto-cashback-uk,Crypto Cashback Uk - Crypto Cashback & Rebates
bitcoin-cashback-card,Bitcoin Cashback Card - Crypto Cashback & Rebates
bitcoin-cashback-credit-card,Bitcoin Cashback Credit Card - Crypto Cashback & Rebates
bitcoin-cashback-uk,Bitcoin Cashback Uk - Crypto Cashback & Rebates
bitcoin-cashback-card-uk,Bitcoin Cashback Card Uk - Crypto Cashback & Rebates
bitcoin-cashback-app,Bitcoin Cashback App - Crypto Cashback & Rebates
bitcoin-cashback-rewards,Bitcoin Cashback Rewards - Crypto Cashback & Rebates
bitcoin-cashback-card-canada,Bitcoin Cashback Card Canada - Crypto Cashback & Rebates
bitcoin-cashback-debit-card,Bitcoin Cashback Debit Card - Crypto Cashback & Rebates
bitcoin-cashback-australia,Bitcoin Cashback Australia - Crypto Cashback & Rebates
bitcoin-cashback-europe,Bitcoin Cashback Europe - Crypto Cashback & Rebates
crypto-rebates,Crypto Rebates - Crypto Cashback & Rebates
cryptocurrency-what-to-buy-now,Cryptocurrency What To Buy Now - Crypto Cashback & Rebates
crypto-coins-to-buy-now,Crypto Coins To Buy Now - Crypto Cashback & Rebates
what-is-the-crypto-to-buy-now,What Is The Crypto To Buy Now - Crypto Cashback & Rebates
bexback,Bexback - Crypto Cashback & Rebates
bexback-crypto,Bexback Crypto - Crypto Cashback & Rebates
bexback-review,Bexback Review - Crypto Cashback & Rebates
bexback-bonus,Bexback Bonus - Crypto Cashback & Rebates
bexback-welcome-bonus,Bexback Welcome Bonus - Crypto Cashback & Rebates
bexback-sign-up-bonus,Bexback Sign Up Bonus - Crypto Cashback & Rebates
bexback-referral-code,Bexback Referral Code - Crypto Cashback & Rebates
payback-app-download,Payback App Download - Crypto Cashback & Rebates
bexback-login,Bexback Login - Crypto Cashback & Rebates
bexback-crypto-review,Bexback Crypto Review - Crypto Cashback & Rebates
crypto-cashback-credit-card,Crypto Cashback Credit Card - Crypto Cashback & Rebates
crypto-cashback-cards,Crypto Cashback Cards - Crypto Cashback & Rebates
crypto-cashback,Crypto Cashback - Crypto Cashback & Rebates
crypto-cashback-card-uk,Crypto Cashback Card Uk - Crypto Cashback & Rebates
crypto-cashback-app,Crypto Cashback App - Crypto Cashback & Rebates
crypto-cashback-credit-card-uk,Crypto Cashback Credit Card Uk - Crypto Cashback & Rebates
crypto-cashback-card-australia,Crypto Cashback Card Australia - Crypto Cashback & Rebates
crypto-cashback-card-europe,Crypto Cashback Card Europe - Crypto Cashback & Rebates
crypto-cashback-rewards,Crypto Cashback Rewards - Crypto Cashback & Rebates
crypto-cashback-debit-card,Crypto Cashback Debit Card - Crypto Cashback & Rebates
bitcoin-cashback-card,Bitcoin Cashback Card - Crypto Cashback & Rebates
bitcoin-cashback-uk,Bitcoin Cashback Uk - Crypto Cashback & Rebates
bitcoin-cashback-app,Bitcoin Cashback App - Crypto Cashback & Rebates
bitcoin-cashback-rewards,Bitcoin Cashback Rewards - Crypto Cashback & Rebates
bitcoin-cashback-card-canada,Bitcoin Cashback Card Canada - Crypto Cashback & Rebates
bitcoin-cashback-debit-card,Bitcoin Cashback Debit Card - Crypto Cashback & Rebates
bitcoin-cashback-australia,Bitcoin Cashback Australia - Crypto Cashback & Rebates
bitcoin-cashback-europe,Bitcoin Cashback Europe - Crypto Cashback & Rebates
bitcoin-cashback-credit-card-canada,Bitcoin Cashback Credit Card Canada - Crypto Cashback & R...
bitcoin-cashback-credit-card-uk,Bitcoin Cashback Credit Card Uk - Crypto Cashback & Rebates
crypto-rebates,Crypto Rebates - Crypto Cashback & Rebates
cryptocurrency-what-to-buy-now,Cryptocurrency What To Buy Now - Crypto Cashback & Rebates
crypto-coins-to-buy-now,Crypto Coins To Buy Now - Crypto Cashback & Rebates
what-is-the-crypto-to-buy-now,What Is The Crypto To Buy Now - Crypto Cashback & Rebates
bexback,Bexback - Crypto Cashback & Rebates
bexback-crypto,Bexback Crypto - Crypto Cashback & Rebates
bexback-review,Bexback Review - Crypto Cashback & Rebates
bexback-exchange,Bexback Exchange - Crypto Cashback & Rebates
bexback-bonus,Bexback Bonus - Crypto Cashback & Rebates
bexback-legit,Bexback Legit - Crypto Cashback & Rebates
bexback-welcome-bonus,Bexback Welcome Bonus - Crypto Cashback & Rebates
bexback-app,Bexback App - Crypto Cashback & Rebates
bexback-exchange-download,Bexback Exchange Download - Crypto Cashback & Rebates
bexback-sign-up-bonus,Bexback Sign Up Bonus - Crypto Cashback & Rebates
crypto-cashback-credit-card,Crypto Cashback Credit Card - Crypto Cashback & Rebates
crypto-cashback-cards,Crypto Cashback Cards - Crypto Cashback & Rebates
crypto-cashback,Crypto Cashback - Crypto Cashback & Rebates
crypto-cashback-card-uk,Crypto Cashback Card Uk - Crypto Cashback & Rebates
crypto-cashback-app,Crypto Cashback App - Crypto Cashback & Rebates
crypto-cashback-credit-card-uk,Crypto Cashback Credit Card Uk - Crypto Cashback & Rebates
crypto-cashback-card-australia,Crypto Cashback Card Australia - Crypto Cashback & Rebates
crypto-cashback-card-europe,Crypto Cashback Card Europe - Crypto Cashback & Rebates
crypto-cashback-rewards,Crypto Cashback Rewards - Crypto Cashback & Rebates
crypto-cashback-debit-card,Crypto Cashback Debit Card - Crypto Cashback & Rebates
bitcoin-cashback-card,Bitcoin Cashback Card - Crypto Cashback & Rebates
bitcoin-cashback-uk,Bitcoin Cashback Uk - Crypto Cashback & Rebates
bitcoin-cashback-app,Bitcoin Cashback App - Crypto Cashback & Rebates
bitcoin-cashback-rewards,Bitcoin Cashback Rewards - Crypto Cashback & Rebates
bitcoin-cashback-card-canada,Bitcoin Cashback Card Canada - Crypto Cashback & Rebates
bitcoin-cashback-debit-card,Bitcoin Cashback Debit Card - Crypto Cashback & Rebates
bitcoin-cashback-australia,Bitcoin Cashback Australia - Crypto Cashback & Rebates
bitcoin-cashback-europe,Bitcoin Cashback Europe - Crypto Cashback & Rebates
bitcoin-cashback-credit-card-canada,Bitcoin Cashback Credit Card Canada - Crypto Cashback & R...
